onset	duration	trial_type	value	sample
9.498	7.996	BAD_ACQ_SKIP	324	9498
22.399	0.0	0000	1	22399
23.655	0.0	0400	321	23655
25.444	0.0	0501	323	25444
27.422	0.0	0001	2	27422
28.004	0.0	0400	321	28004
29.432	0.0	0501	323	29432
31.397	0.0	0002	3	31397
31.94	0.0	0400	321	31940
33.016	0.0	0501	323	33016
34.989	0.0	0003	4	34989
35.39	0.0	0400	321	35390
36.625	0.0	0501	323	36625
38.504	0.0	0004	5	38504
38.757	0.0	0400	321	38757
39.804	0.0	0501	323	39804
41.739	0.0	0005	6	41739
42.087	0.0	0400	321	42087
43.082	0.0	0500	322	43082
44.954	0.0	0006	7	44954
45.29	0.0	0400	321	45290
46.349	0.0	0500	322	46349
48.189	0.0	0007	8	48189
48.454	0.0	0400	321	48454
49.424	0.0	0500	322	49424
51.239	0.0	0008	9	51239
51.54	0.0	0400	321	51540
52.655	0.0	0501	323	52655
54.526	0.0	0009	10	54526
55.237	0.0	0400	321	55237
56.139	0.0	0501	323	56139
58.057	0.0	0010	11	58057
58.406	0.0	0400	321	58406
59.955	0.0	0501	323	59955
61.889	0.0	0011	12	61889
62.192	0.0	0400	321	62192
63.155	0.0	0500	322	63155
65.159	0.0	0012	13	65159
65.402	0.0	0400	321	65402
66.451	0.0	0500	322	66451
68.376	0.0	0013	14	68376
68.655	0.0	0400	321	68655
69.514	0.0	0500	322	69514
71.571	0.0	0014	15	71571
72.371	0.0	0400	321	72371
73.307	0.0	0501	323	73307
75.32	0.0	0015	16	75320
75.61	0.0	0400	321	75610
76.72	0.0	0500	322	76720
78.708	0.0	0016	17	78708
79.12	0.0	0400	321	79120
79.968	0.0	0500	322	79968
81.839	0.0	0017	18	81839
82.155	0.0	0400	321	82155
83.131	0.0	0501	323	83131
85.038	0.0	0018	19	85038
85.32	0.0	0400	321	85320
86.219	0.0	0500	322	86219
88.171	0.0	0019	20	88171
88.439	0.0	0400	321	88439
89.102	0.0	0500	322	89102
91.021	0.0	0020	21	91021
91.27	0.0	0400	321	91270
92.254	0.0	0501	323	92254
94.103	0.0	0021	22	94103
94.387	0.0	0400	321	94387
95.401	0.0	0501	323	95401
97.239	0.0	0022	23	97239
98.053	0.0	0400	321	98053
99.134	0.0	0501	323	99134
101.059	0.0	0023	24	101059
101.638	0.0	0400	321	101638
102.558	0.0	0500	322	102558
104.504	0.0	0024	25	104504
104.872	0.0	0400	321	104872
105.736	0.0	0501	323	105736
107.672	0.0	0025	26	107672
107.97	0.0	0400	321	107970
109.036	0.0	0501	323	109036
110.886	0.0	0026	27	110886
111.221	0.0	0400	321	111221
112.169	0.0	0501	323	112169
114.058	0.0	0027	28	114058
114.551	0.0	0400	321	114551
115.385	0.0	0500	322	115385
117.319	0.0	0028	29	117319
117.64	0.0	0400	321	117640
118.62	0.0	0501	323	118620
120.486	0.0	0029	30	120486
120.873	0.0	0400	321	120873
121.687	0.0	0500	322	121687
123.538	0.0	0030	31	123538
123.889	0.0	0400	321	123889
124.668	0.0	0500	322	124668
126.659	0.0	0031	32	126659
127.105	0.0	0400	321	127105
127.988	0.0	0501	323	127988
129.906	0.0	0032	33	129906
130.254	0.0	0400	321	130254
131.056	0.0	0500	322	131056
133.119	0.0	0033	34	133119
133.462	0.0	0400	321	133462
134.25	0.0	0500	322	134250
136.185	0.0	0034	35	136185
136.487	0.0	0400	321	136487
137.334	0.0	0501	323	137334
139.303	0.0	0035	36	139303
139.621	0.0	0400	321	139621
140.456	0.0	0500	322	140456
142.368	0.0	0036	37	142368
142.737	0.0	0400	321	142737
143.636	0.0	0500	322	143636
145.587	0.0	0037	38	145587
145.855	0.0	0400	321	145855
146.968	0.0	0500	322	146968
148.969	0.0	0038	39	148969
149.371	0.0	0400	321	149371
150.836	0.0	0500	322	150836
152.676	0.0	0039	40	152676
153.136	0.0	0400	321	153136
154.253	0.0	0500	322	154253
156.118	0.0	0040	41	156118
156.455	0.0	0400	321	156455
157.267	0.0	0500	322	157267
159.104	0.0	0041	42	159104
159.27	0.0	0400	321	159270
160.168	0.0	0501	323	160168
162.054	0.0	0042	43	162054
162.303	0.0	0400	321	162303
163.164	0.0	0501	323	163164
165.268	0.0	0043	44	165268
165.558	0.0	0400	321	165558
166.334	0.0	0500	322	166334
168.288	0.0	0044	45	168288
168.635	0.0	0400	321	168635
169.569	0.0	0501	323	169569
171.524	0.0	0045	46	171524
171.857	0.0	0400	321	171857
172.935	0.0	0501	323	172935
174.857	0.0	0046	47	174857
175.172	0.0	0400	321	175172
176.118	0.0	0500	322	176118
178.069	0.0	0047	48	178069
178.487	0.0	0400	321	178487
179.389	0.0	0501	323	179389
181.268	0.0	0048	49	181268
181.721	0.0	0400	321	181721
182.649	0.0	0500	322	182649
184.674	0.0	0049	50	184674
184.867	0.0	0400	321	184867
185.732	0.0	0501	323	185732
187.603	0.0	0050	51	187603
187.887	0.0	0400	321	187887
188.802	0.0	0500	322	188802
190.702	0.0	0051	52	190702
191.101	0.0	0400	321	191101
191.801	0.0	0500	322	191801
193.658	0.0	0052	53	193658
193.888	0.0	0400	321	193888
194.687	0.0	0501	323	194687
196.588	0.0	0053	54	196588
197.385	0.0	0400	321	197385
198.213	0.0	0500	322	198213
200.222	0.0	0054	55	200222
200.47	0.0	0400	321	200470
201.6	0.0	0501	323	201600
203.552	0.0	0055	56	203552
203.954	0.0	0400	321	203954
205.284	0.0	0501	323	205284
207.22	0.0	0056	57	207220
208.188	0.0	0400	321	208188
208.966	0.0	0500	322	208966
211.056	0.0	0057	58	211056
211.553	0.0	0400	321	211553
212.389	0.0	0500	322	212389
214.287	0.0	0058	59	214287
214.768	0.0	0400	321	214768
215.814	0.0	0500	322	215814
217.738	0.0	0059	60	217738
218.001	0.0	0400	321	218001
219.046	0.0	0500	322	219046
220.971	0.0	0060	61	220971
221.288	0.0	0400	321	221288
222.083	0.0	0500	322	222083
223.984	0.0	0061	62	223984
224.4	0.0	0400	321	224400
225.282	0.0	0501	323	225282
227.172	0.0	0062	63	227172
227.452	0.0	0400	321	227452
228.597	0.0	0501	323	228597
230.469	0.0	0063	64	230469
230.851	0.0	0400	321	230851
231.647	0.0	0500	322	231647
233.587	0.0	0064	65	233587
233.868	0.0	0400	321	233868
234.901	0.0	0500	322	234901
236.805	0.0	0065	66	236805
237.003	0.0	0400	321	237003
237.953	0.0	0501	323	237953
239.822	0.0	0066	67	239822
240.437	0.0	0400	321	240437
241.2	0.0	0501	323	241200
243.241	0.0	0067	68	243241
243.552	0.0	0400	321	243552
244.482	0.0	0501	323	244482
246.388	0.0	0068	69	246388
246.672	0.0	0400	321	246672
247.766	0.0	0500	322	247766
249.601	0.0	0069	70	249601
249.856	0.0	0400	321	249856
250.878	0.0	0500	322	250878
252.737	0.0	0070	71	252737
253.033	0.0	0400	321	253033
253.995	0.0	0500	322	253995
256.001	0.0	0071	72	256001
256.652	0.0	0400	321	256652
257.382	0.0	0501	323	257382
259.385	0.0	0072	73	259385
259.737	0.0	0400	321	259737
260.784	0.0	0501	323	260784
262.684	0.0	0073	74	262684
262.984	0.0	0400	321	262984
263.862	0.0	0500	322	263862
265.805	0.0	0074	75	265805
266.184	0.0	0400	321	266184
267.163	0.0	0501	323	267163
269.121	0.0	0075	76	269121
269.438	0.0	0400	321	269438
270.234	0.0	0500	322	270234
272.054	0.0	0076	77	272054
272.317	0.0	0400	321	272317
273.621	0.0	0501	323	273621
275.535	0.0	0077	78	275535
275.805	0.0	0400	321	275805
276.682	0.0	0501	323	276682
278.668	0.0	0078	79	278668
279.106	0.0	0400	321	279106
279.965	0.0	0501	323	279965
281.901	0.0	0079	80	281901
282.435	0.0	0400	321	282435
283.179	0.0	0501	323	283179
285.117	0.0	0080	81	285117
285.486	0.0	0400	321	285486
286.549	0.0	0500	322	286549
288.537	0.0	0081	82	288537
288.984	0.0	0400	321	288984
289.816	0.0	0501	323	289816
291.867	0.0	0082	83	291867
292.167	0.0	0400	321	292167
292.868	0.0	0500	322	292868
294.702	0.0	0083	84	294702
295.116	0.0	0400	321	295116
295.832	0.0	0500	322	295832
297.666	0.0	0084	85	297666
297.934	0.0	0400	321	297934
298.715	0.0	0501	323	298715
300.669	0.0	0085	86	300669
300.967	0.0	0400	321	300967
301.779	0.0	0501	323	301779
303.733	0.0	0086	87	303733
304.033	0.0	0400	321	304033
304.846	0.0	0500	322	304846
306.772	0.0	0087	88	306772
307.116	0.0	0400	321	307116
308.045	0.0	0500	322	308045
309.901	0.0	0088	89	309901
310.267	0.0	0400	321	310267
311.566	0.0	0500	322	311566
313.486	0.0	0089	90	313486
313.969	0.0	0400	321	313969
314.745	0.0	0501	323	314745
316.633	0.0	0090	91	316633
316.934	0.0	0400	321	316934
317.847	0.0	0501	323	317847
319.753	0.0	0091	92	319753
320.154	0.0	0400	321	320154
321.699	0.0	0500	322	321699
323.566	0.0	0092	93	323566
324.386	0.0	0400	321	324386
325.197	0.0	0500	322	325197
327.168	0.0	0093	94	327168
327.502	0.0	0400	321	327502
328.679	0.0	0501	323	328679
330.616	0.0	0094	95	330616
330.953	0.0	0400	321	330953
331.764	0.0	0501	323	331764
333.684	0.0	0095	96	333684
333.953	0.0	0400	321	333953
334.749	0.0	0501	323	334749
336.652	0.0	0096	97	336652
336.97	0.0	0400	321	336970
337.867	0.0	0500	322	337867
339.7	0.0	0097	98	339700
339.982	0.0	0400	321	339982
341.098	0.0	0500	322	341098
343.134	0.0	0098	99	343134
343.417	0.0	0400	321	343417
344.277	0.0	0501	323	344277
346.253	0.0	0099	100	346253
346.517	0.0	0400	321	346517
347.333	0.0	0501	323	347333
349.249	0.0	0100	101	349249
349.6	0.0	0400	321	349600
350.887	0.0	0500	322	350887
352.834	0.0	0101	102	352834
353.116	0.0	0400	321	353116
353.845	0.0	0501	323	353845
355.751	0.0	0102	103	355751
356.116	0.0	0400	321	356116
357.132	0.0	0501	323	357132
359.134	0.0	0103	104	359134
359.416	0.0	0400	321	359416
360.497	0.0	0501	323	360497
362.484	0.0	0104	105	362484
362.882	0.0	0400	321	362882
363.927	0.0	0501	323	363927
365.87	0.0	0105	106	365870
366.437	0.0	0400	321	366437
367.396	0.0	0500	322	367396
369.283	0.0	0106	107	369283
369.699	0.0	0400	321	369699
370.893	0.0	0501	323	370893
372.804	128.904	BAD_ACQ_SKIP	324	372804
509.822	49.445	BAD_ACQ_SKIP	324	509822
566.69	0.0	0000	1	566690
567.496	0.0	0400	321	567496
568.602	0.0	0500	322	568602
570.515	0.0	0001	2	570515
570.945	0.0	0400	321	570945
571.937	0.0	0501	323	571937
573.847	0.0	0002	3	573847
574.13	0.0	0400	321	574130
575.058	0.0	0500	322	575058
576.978	0.0	0003	4	576978
577.253	0.0	0400	321	577253
578.156	0.0	0501	323	578156
580.179	0.0	0004	5	580179
580.428	0.0	0400	321	580428
581.113	0.0	0500	322	581113
583.047	0.0	0005	6	583047
583.295	0.0	0400	321	583295
584.18	0.0	0501	323	584180
586.063	0.0	0006	7	586063
586.297	0.0	0400	321	586297
587.087	0.0	0501	323	587087
588.916	0.0	0007	8	588916
589.162	0.0	0400	321	589162
590.014	0.0	0501	323	590014
591.931	0.0	0008	9	591931
592.313	0.0	0400	321	592313
592.978	0.0	0500	322	592978
594.877	0.0	0009	10	594877
595.03	0.0	0400	321	595030
595.705	0.0	0500	322	595705
597.65	0.0	0010	11	597650
597.929	0.0	0400	321	597929
598.637	0.0	0501	323	598637
600.679	0.0	0011	12	600679
600.962	0.0	0400	321	600962
601.888	0.0	0501	323	601888
603.751	0.0	0012	13	603751
604.062	0.0	0400	321	604062
604.88	0.0	0501	323	604880
606.913	0.0	0013	14	606913
607.211	0.0	0400	321	607211
608.061	0.0	0501	323	608061
609.929	0.0	0014	15	609929
610.363	0.0	0400	321	610363
611.058	0.0	0501	323	611058
612.979	0.0	0015	16	612979
613.426	0.0	0400	321	613426
614.407	0.0	0501	323	614407
616.314	0.0	0016	17	616314
616.744	0.0	0400	321	616744
617.507	0.0	0500	322	617507
619.379	0.0	0017	18	619379
619.678	0.0	0400	321	619678
620.491	0.0	0501	323	620491
622.496	0.0	0018	19	622496
622.88	0.0	0400	321	622880
623.576	0.0	0501	323	623576
625.412	0.0	0019	20	625412
627.446	0.0	0400	321	627446
628.293	0.0	0500	322	628293
630.128	0.0	0020	21	630128
630.546	0.0	0400	321	630546
631.225	0.0	0500	322	631225
633.328	0.0	0021	22	633328
633.544	0.0	0400	321	633544
634.426	0.0	0500	322	634426
636.429	0.0	0022	23	636429
636.846	0.0	0400	321	636846
637.641	0.0	0500	322	637641
639.594	0.0	0023	24	639594
639.862	0.0	0400	321	639862
640.741	0.0	0501	323	640741
642.71	0.0	0024	25	642710
642.979	0.0	0400	321	642979
643.694	0.0	0500	322	643694
645.597	0.0	0025	26	645597
645.862	0.0	0400	321	645862
646.693	0.0	0500	322	646693
648.747	0.0	0026	27	648747
649.08	0.0	0400	321	649080
649.907	0.0	0501	323	649907
651.843	0.0	0027	28	651843
652.144	0.0	0400	321	652144
653.01	0.0	0501	323	653010
654.96	0.0	0028	29	654960
655.259	0.0	0400	321	655259
656.023	0.0	0501	323	656023
657.948	0.0	0029	30	657948
658.2	0.0	0400	321	658200
658.927	0.0	0501	323	658927
660.745	0.0	0030	31	660745
661.077	0.0	0400	321	661077
661.74	0.0	0500	322	661740
663.628	0.0	0031	32	663628
663.878	0.0	0400	321	663878
664.673	0.0	0500	322	664673
666.594	0.0	0032	33	666594
667.596	0.0	0400	321	667596
668.278	0.0	0500	322	668278
670.261	0.0	0033	34	670261
670.517	0.0	0400	321	670517
671.558	0.0	0500	322	671558
673.513	0.0	0034	35	673513
673.76	0.0	0400	321	673760
674.723	0.0	0501	323	674723
676.676	0.0	0035	36	676676
677.194	0.0	0400	321	677194
677.95	0.0	0500	322	677950
679.876	0.0	0036	37	679876
680.245	0.0	0400	321	680245
680.894	0.0	0500	322	680894
682.76	0.0	0037	38	682760
683.178	0.0	0400	321	683178
683.857	0.0	0501	323	683857
685.811	0.0	0038	39	685811
686.212	0.0	0400	321	686212
687.525	0.0	0501	323	687525
689.477	0.0	0039	40	689477
689.96	0.0	0400	321	689960
691.026	0.0	0501	323	691026
692.928	0.0	0040	41	692928
693.692	0.0	0400	321	693692
694.34	0.0	0500	322	694340
696.161	0.0	0041	42	696161
696.577	0.0	0400	321	696577
697.325	0.0	0501	323	697325
699.328	0.0	0042	43	699328
699.792	0.0	0400	321	699792
700.657	0.0	0501	323	700657
702.66	0.0	0043	44	702660
703.179	0.0	0400	321	703179
704.091	0.0	0500	322	704091
706.028	0.0	0044	45	706028
706.311	0.0	0400	321	706311
707.292	0.0	0500	322	707292
709.226	0.0	0045	46	709226
709.513	0.0	0400	321	709513
710.539	0.0	0500	322	710539
712.446	0.0	0046	47	712446
712.81	0.0	0400	321	712810
713.89	0.0	0500	322	713890
715.743	0.0	0047	48	715743
716.045	0.0	0400	321	716045
716.91	0.0	0501	323	716910
718.845	0.0	0048	49	718845
719.11	0.0	0400	321	719110
719.893	0.0	0500	322	719893
721.962	0.0	0049	50	721962
722.058	0.0	0400	321	722058
723.123	0.0	0501	323	723123
724.96	0.0	0050	51	724960
725.233	0.0	0400	321	725233
726.208	0.0	0501	323	726208
728.21	0.0	0051	52	728210
728.529	0.0	0400	321	728529
729.939	0.0	0500	322	729939
731.883	0.0	0052	53	731883
732.159	0.0	0400	321	732159
732.94	0.0	0500	322	732940
734.793	0.0	0053	54	734793
735.059	0.0	0400	321	735059
737.041	0.0	0501	323	737041
738.961	0.0	0054	55	738961
739.426	0.0	0400	321	739426
740.858	0.0	0500	322	740858
742.759	0.0	0055	56	742759
743.092	0.0	0400	321	743092
743.96	0.0	0501	323	743960
745.827	0.0	0056	57	745827
746.065	0.0	0400	321	746065
746.992	0.0	0501	323	746992
748.982	0.0	0057	58	748982
749.259	0.0	0400	321	749259
750.071	0.0	0501	323	750071
752.078	0.0	0058	59	752078
752.327	0.0	0400	321	752327
753.525	0.0	0501	323	753525
755.416	0.0	0059	60	755416
755.73	0.0	0400	321	755730
756.989	0.0	0501	323	756989
758.877	0.0	0060	61	758877
759.226	0.0	0400	321	759226
760.091	0.0	0500	322	760091
761.975	0.0	0061	62	761975
762.26	0.0	0400	321	762260
763.157	0.0	0501	323	763157
765.026	0.0	0062	63	765026
765.349	0.0	0400	321	765349
766.322	0.0	0501	323	766322
768.294	0.0	0063	64	768294
768.428	0.0	0400	321	768428
769.259	0.0	0501	323	769259
771.11	0.0	0064	65	771110
771.343	0.0	0400	321	771343
772.089	0.0	0500	322	772089
774.125	0.0	0065	66	774125
774.41	0.0	0400	321	774410
775.109	0.0	0501	323	775109
777.011	0.0	0066	67	777011
777.292	0.0	0400	321	777292
778.221	0.0	0500	322	778221
780.059	0.0	0067	68	780059
780.258	0.0	0400	321	780258
781.594	0.0	0500	322	781594
783.592	0.0	0068	69	783592
784.043	0.0	0400	321	784043
785.389	0.0	0501	323	785389
787.425	0.0	0069	70	787425
787.759	0.0	0400	321	787759
788.707	0.0	0500	322	788707
790.662	0.0	0070	71	790662
791.025	0.0	0400	321	791025
791.771	0.0	0501	323	791771
793.66	0.0	0071	72	793660
793.908	0.0	0400	321	793908
794.638	0.0	0500	322	794638
796.66	0.0	0072	73	796660
796.948	0.0	0400	321	796948
797.622	0.0	0501	323	797622
799.51	0.0	0073	74	799510
799.775	0.0	0400	321	799775
800.588	0.0	0500	322	800588
802.426	0.0	0074	75	802426
802.693	0.0	0400	321	802693
803.405	0.0	0501	323	803405
805.262	0.0	0075	76	805262
805.658	0.0	0400	321	805658
806.689	0.0	0501	323	806689
808.592	0.0	0076	77	808592
809.042	0.0	0400	321	809042
809.938	0.0	0500	322	809938
811.925	0.0	0077	78	811925
812.591	0.0	0400	321	812591
813.525	0.0	0501	323	813525
815.611	0.0	0078	79	815611
815.875	0.0	0400	321	815875
817.405	0.0	0501	323	817405
819.459	0.0	0079	80	819459
819.859	0.0	0400	321	819859
820.64	0.0	0501	323	820640
822.559	0.0	0080	81	822559
822.91	0.0	0400	321	822910
823.74	0.0	0501	323	823740
825.725	0.0	0081	82	825725
826.094	0.0	0400	321	826094
826.725	0.0	0501	323	826725
828.625	0.0	0082	83	828625
828.897	0.0	0400	321	828897
829.683	0.0	0500	322	829683
831.592	0.0	0083	84	831592
831.926	0.0	0400	321	831926
833.074	0.0	0501	323	833074
834.96	0.0	0084	85	834960
835.391	0.0	0400	321	835391
836.606	0.0	0500	322	836606
838.542	0.0	0085	86	838542
838.89	0.0	0400	321	838890
839.89	0.0	0501	323	839890
841.809	0.0	0086	87	841809
842.292	0.0	0400	321	842292
843.59	0.0	0501	323	843590
845.492	0.0	0087	88	845492
845.741	0.0	0400	321	845741
846.405	0.0	0501	323	846405
848.426	0.0	0088	89	848426
848.847	0.0	0400	321	848847
850.056	0.0	0501	323	850056
851.974	0.0	0089	90	851974
852.241	0.0	0400	321	852241
853.389	0.0	0500	322	853389
855.342	0.0	0090	91	855342
856.243	0.0	0400	321	856243
857.126	0.0	0500	322	857126
859.042	0.0	0091	92	859042
859.325	0.0	0400	321	859325
860.221	0.0	0501	323	860221
862.124	0.0	0092	93	862124
862.746	0.0	0400	321	862746
863.437	0.0	0500	322	863437
865.427	0.0	0093	94	865427
865.791	0.0	0400	321	865791
866.503	0.0	0501	323	866503
868.56	0.0	0094	95	868560
868.99	0.0	0400	321	868990
869.743	0.0	0500	322	869743
871.673	0.0	0095	96	871673
871.957	0.0	0400	321	871957
872.734	0.0	0501	323	872734
874.596	0.0	0096	97	874596
874.824	0.0	0400	321	874824
875.539	0.0	0500	322	875539
877.562	0.0	0097	98	877562
877.797	0.0	0400	321	877797
878.571	0.0	0501	323	878571
880.474	0.0	0098	99	880474
880.774	0.0	0400	321	880774
881.808	0.0	0500	322	881808
883.741	0.0	0099	100	883741
883.792	0.0	0400	321	883792
884.62	0.0	0501	323	884620
886.529	0.0	0100	101	886529
886.744	0.0	0400	321	886744
887.557	0.0	0501	323	887557
889.376	0.0	0101	102	889376
889.94	0.0	0400	321	889940
890.857	0.0	0500	322	890857
892.693	0.0	0102	103	892693
893.126	0.0	0400	321	893126
893.836	0.0	0501	323	893836
895.84	0.0	0103	104	895840
896.291	0.0	0400	321	896291
897.023	0.0	0500	322	897023
898.926	0.0	0104	105	898926
899.239	0.0	0400	321	899239
900.001	0.0	0500	322	900001
901.873	0.0	0105	106	901873
902.214	0.0	0400	321	902214
903.085	0.0	0501	323	903085
905.042	0.0	0106	107	905042
905.342	0.0	0400	321	905342
906.17	0.0	0501	323	906170
908.15	3.173	BAD_ACQ_SKIP	324	908150
911.481	0.0	0107	108	911481
914.076	0.0	0400	321	914076
915.606	0.0	0501	323	915606
917.462	0.0	0108	109	917462
917.974	0.0	0400	321	917974
918.705	0.0	0500	322	918705
920.643	0.0	0109	110	920643
920.924	0.0	0400	321	920924
921.784	0.0	0500	322	921784
923.823	0.0	0110	111	923823
924.074	0.0	0400	321	924074
925.203	0.0	0500	322	925203
927.156	0.0	0111	112	927156
927.481	0.0	0400	321	927481
928.29	0.0	0501	323	928290
930.139	0.0	0112	113	930139
930.456	0.0	0400	321	930456
931.336	0.0	0501	323	931336
933.159	0.0	0113	114	933159
933.429	0.0	0400	321	933429
934.084	0.0	0500	322	934084
935.958	0.0	0114	115	935958
936.222	0.0	0400	321	936222
937.039	0.0	0501	323	937039
939.008	0.0	0115	116	939008
939.389	0.0	0400	321	939389
940.135	0.0	0501	323	940135
942.025	0.0	0116	117	942025
942.308	0.0	0400	321	942308
943.301	0.0	0501	323	943301
945.208	0.0	0117	118	945208
945.507	0.0	0400	321	945507
946.438	0.0	0501	323	946438
948.391	0.0	0118	119	948391
948.808	0.0	0400	321	948808
949.705	0.0	0500	322	949705
951.71	0.0	0119	120	951710
952.775	0.0	0400	321	952775
954.138	0.0	0501	323	954138
955.989	0.0	0120	121	955989
956.422	0.0	0400	321	956422
957.151	0.0	0500	322	957151
959.059	0.0	0121	122	959059
959.305	0.0	0400	321	959305
960.271	0.0	0501	323	960271
962.222	0.0	0122	123	962222
962.676	0.0	0400	321	962676
963.315	0.0	0500	322	963315
965.222	0.0	0123	124	965222
965.624	0.0	0400	321	965624
966.637	0.0	0501	323	966637
968.473	0.0	0124	125	968473
968.789	0.0	0400	321	968789
969.552	0.0	0500	322	969552
971.509	0.0	0125	126	971509
971.807	0.0	0400	321	971807
972.849	0.0	0501	323	972849
974.721	0.0	0126	127	974721
975.14	0.0	0400	321	975140
975.985	0.0	0501	323	975985
977.958	0.0	0127	128	977958
978.24	0.0	0400	321	978240
978.951	0.0	0500	322	978951
980.856	0.0	0128	129	980856
981.155	0.0	0400	321	981155
981.952	0.0	0501	323	981952
983.806	0.0	0129	130	983806
984.106	0.0	0400	321	984106
984.933	0.0	0501	323	984933
986.824	0.0	0130	131	986824
987.138	0.0	0400	321	987138
988.32	0.0	0500	322	988320
990.173	0.0	0131	132	990173
990.44	0.0	0400	321	990440
991.353	0.0	0501	323	991353
993.289	0.0	0132	133	993289
993.638	0.0	0400	321	993638
994.726	0.0	0500	322	994726
996.705	0.0	0133	134	996705
997.175	0.0	0400	321	997175
998.34	0.0	0501	323	998340
1000.191	0.0	0134	135	1000191
1000.506	0.0	0400	321	1000506
1001.471	0.0	0500	322	1001471
1003.438	0.0	0135	136	1003438
1003.725	0.0	0400	321	1003725
1004.818	0.0	0500	322	1004818
1006.728	0.0	0136	137	1006728
1006.991	0.0	0400	321	1006991
1007.802	0.0	0500	322	1007802
1009.722	0.0	0137	138	1009722
1010.325	0.0	0400	321	1010325
1011.003	0.0	0501	323	1011003
1013.046	0.0	0138	139	1013046
1013.344	0.0	0400	321	1013344
1014.053	0.0	0500	322	1014053
1015.926	0.0	0139	140	1015926
1016.956	0.0	0400	321	1016956
1017.665	0.0	0501	323	1017665
1019.521	0.0	0140	141	1019521
1020.205	0.0	0400	321	1020205
1021.837	0.0	0501	323	1021837
1023.722	0.0	0141	142	1023722
1024.322	0.0	0400	321	1024322
1025.204	0.0	0501	323	1025204
1027.139	0.0	0142	143	1027139
1027.391	0.0	0400	321	1027391
1028.25	0.0	0501	323	1028250
1030.275	0.0	0143	144	1030275
1030.54	0.0	0400	321	1030540
1031.684	0.0	0500	322	1031684
1033.571	0.0	0144	145	1033571
1033.837	0.0	0400	321	1033837
1034.649	0.0	0501	323	1034649
1036.588	0.0	0145	146	1036588
1036.821	0.0	0400	321	1036821
1037.895	0.0	0500	322	1037895
1039.838	0.0	0146	147	1039838
1040.221	0.0	0400	321	1040221
1041.036	0.0	0500	322	1041036
1043.038	0.0	0147	148	1043038
1043.506	0.0	0400	321	1043506
1044.267	0.0	0501	323	1044267
1046.254	0.0	0148	149	1046254
1046.621	0.0	0400	321	1046621
1047.338	0.0	0500	322	1047338
1049.189	0.0	0149	150	1049189
1049.439	0.0	0400	321	1049439
1050.153	0.0	0500	322	1050153
1052.038	0.0	0150	151	1052038
1052.921	0.0	0400	321	1052921
1053.657	0.0	0500	322	1053657
1055.743	0.0	0151	152	1055743
1056.121	0.0	0400	321	1056121
1056.834	0.0	0500	322	1056834
1058.771	0.0	0152	153	1058771
1059.022	0.0	0400	321	1059022
1059.999	0.0	0501	323	1059999
1061.891	0.0	0153	154	1061891
1061.938	0.0	0400	321	1061938
1062.65	0.0	0500	322	1062650
1064.493	0.0	0154	155	1064493
1064.823	0.0	0400	321	1064823
1065.65	0.0	0501	323	1065650
1067.57	0.0	0155	156	1067570
1067.873	0.0	0400	321	1067873
1068.817	0.0	0500	322	1068817
1070.672	0.0	0156	157	1070672
1070.972	0.0	0400	321	1070972
1071.816	0.0	0501	323	1071816
1073.872	0.0	0157	158	1073872
1074.155	0.0	0400	321	1074155
1075.837	0.0	0500	322	1075837
1077.755	0.0	0158	159	1077755
1078.107	0.0	0400	321	1078107
1079.07	0.0	0501	323	1079070
1081.006	0.0	0159	160	1081006
1081.493	0.0	0400	321	1081493
1082.502	0.0	0501	323	1082502
1084.436	0.0	0160	161	1084436
1084.787	0.0	0400	321	1084787
1085.699	0.0	0501	323	1085699
1087.588	0.0	0161	162	1087588
1087.853	0.0	0400	321	1087853
1088.466	0.0	0500	322	1088466
1090.438	0.0	0162	163	1090438
1090.703	0.0	0400	321	1090703
1091.581	0.0	0500	322	1091581
1093.42	0.0	0163	164	1093420
1094.32	0.0	0400	321	1094320
1095.354	0.0	0500	322	1095354
1097.291	0.0	0164	165	1097291
1097.589	0.0	0400	321	1097589
1098.298	0.0	0500	322	1098298
1100.288	0.0	0165	166	1100288
1100.521	0.0	0400	321	1100521
1101.268	0.0	0501	323	1101268
1103.11	0.0	0166	167	1103110
1103.27	0.0	0400	321	1103270
1104.003	0.0	0500	322	1104003
1105.937	0.0	0167	168	1105937
1106.42	0.0	0400	321	1106420
1107.269	0.0	0500	322	1107269
1109.22	0.0	0168	169	1109220
1109.536	0.0	0400	321	1109536
1110.35	0.0	0501	323	1110350
1112.303	0.0	0169	170	1112303
1112.589	0.0	0400	321	1112589
1113.348	0.0	0501	323	1113348
1115.236	0.0	0170	171	1115236
1115.556	0.0	0400	321	1115556
1116.453	0.0	0501	323	1116453
1118.402	0.0	0171	172	1118402
1118.687	0.0	0400	321	1118687
1119.482	0.0	0500	322	1119482
1121.404	0.0	0172	173	1121404
1121.903	0.0	0400	321	1121903
1122.619	0.0	0501	323	1122619
1124.508	0.0	0173	174	1124508
1124.802	0.0	0400	321	1124802
1125.7	0.0	0500	322	1125700
1127.57	0.0	0174	175	1127570
1128.036	0.0	0400	321	1128036
1128.836	0.0	0501	323	1128836
1130.743	0.0	0175	176	1130743
1131.121	0.0	0400	321	1131121
1131.764	0.0	0500	322	1131764
1133.62	0.0	0176	177	1133620
1134.019	0.0	0400	321	1134019
1134.83	0.0	0500	322	1134830
1136.887	0.0	0177	178	1136887
1137.14	0.0	0400	321	1137140
1137.915	0.0	0501	323	1137915
1139.853	0.0	0178	179	1139853
1140.436	0.0	0400	321	1140436
1141.553	0.0	0500	322	1141553
1143.622	0.0	0179	180	1143622
1143.852	0.0	0400	321	1143852
1144.619	0.0	0500	322	1144619
1146.686	0.0	0180	181	1146686
1146.921	0.0	0400	321	1146921
1147.582	0.0	0500	322	1147582
1149.538	0.0	0181	182	1149538
1149.802	0.0	0400	321	1149802
1150.684	0.0	0501	323	1150684
1152.606	0.0	0182	183	1152606
1152.871	0.0	0400	321	1152871
1153.769	0.0	0500	322	1153769
1155.753	0.0	0183	184	1155753
1156.169	0.0	0400	321	1156169
1156.867	0.0	0501	323	1156867
1158.852	0.0	0184	185	1158852
1159.17	0.0	0400	321	1159170
1159.948	0.0	0501	323	1159948
1161.871	0.0	0185	186	1161871
1162.44	0.0	0400	321	1162440
1163.037	0.0	0500	322	1163037
1164.885	0.0	0186	187	1164885
1165.203	0.0	0400	321	1165203
1166.015	0.0	0500	322	1166015
1168.037	0.0	0187	188	1168037
1168.638	0.0	0400	321	1168638
1169.314	0.0	0501	323	1169314
1171.338	0.0	0188	189	1171338
1171.818	0.0	0400	321	1171818
1172.816	0.0	0501	323	1172816
1174.786	0.0	0189	190	1174786
1175.104	0.0	0400	321	1175104
1176.781	0.0	0500	322	1176781
1178.758	0.0	0190	191	1178758
1179.236	0.0	0400	321	1179236
1180.367	0.0	0500	322	1180367
1182.318	0.0	0191	192	1182318
1182.518	0.0	0400	321	1182518
1183.63	0.0	0501	323	1183630
1185.538	0.0	0192	193	1185538
1185.786	0.0	0400	321	1185786
1186.694	0.0	0500	322	1186694
1188.653	0.0	0193	194	1188653
1189.069	0.0	0400	321	1189069
1189.835	0.0	0500	322	1189835
1191.719	0.0	0194	195	1191719
1192.152	0.0	0400	321	1192152
1192.898	0.0	0501	323	1192898
1194.852	0.0	0195	196	1194852
1195.724	0.0	0400	321	1195724
1196.631	0.0	0501	323	1196631
1198.589	0.0	0196	197	1198589
1200.086	0.0	0400	321	1200086
1200.764	0.0	0501	323	1200764
1202.652	0.0	0197	198	1202652
1203.07	0.0	0400	321	1203070
1203.949	0.0	0501	323	1203949
1205.904	0.0	0198	199	1205904
1206.837	0.0	0400	321	1206837
1207.947	0.0	0500	322	1207947
1209.855	0.0	0199	200	1209855
1212.937	0.0	0400	321	1212937
1214.065	0.0	0501	323	1214065
1216.002	0.0	0200	201	1216002
1216.984	0.0	0400	321	1216984
1217.967	0.0	0500	322	1217967
1219.852	0.0	0201	202	1219852
1220.118	0.0	0400	321	1220118
1220.769	0.0	0501	323	1220769
1222.602	0.0	0202	203	1222602
1222.886	0.0	0400	321	1222886
1224.184	0.0	0501	323	1224184
1226.035	0.0	0203	204	1226035
1226.853	0.0	0400	321	1226853
1227.579	0.0	0501	323	1227579
1229.489	0.0	0204	205	1229489
1229.802	0.0	0400	321	1229802
1230.663	0.0	0500	322	1230663
1232.635	0.0	0205	206	1232635
1232.984	0.0	0400	321	1232984
1233.765	0.0	0500	322	1233765
1235.822	0.0	0206	207	1235822
1236.068	0.0	0400	321	1236068
1236.828	0.0	0500	322	1236828
1238.852	0.0	0207	208	1238852
1239.102	0.0	0400	321	1239102
1239.929	0.0	0501	323	1239929
1241.885	0.0	0208	209	1241885
1242.151	0.0	0400	321	1242151
1242.881	0.0	0501	323	1242881
1244.855	0.0	0209	210	1244855
1245.303	0.0	0400	321	1245303
1245.883	0.0	0500	322	1245883
1247.835	0.0	0210	211	1247835
1248.137	0.0	0400	321	1248137
1248.913	0.0	0501	323	1248913
1250.735	0.0	0211	212	1250735
1251.017	0.0	0400	321	1251017
1251.997	0.0	0500	322	1251997
1254.002	0.0	0212	213	1254002
1254.424	0.0	0400	321	1254424
1255.398	0.0	0500	322	1255398
1257.268	0.0	0213	214	1257268
1257.718	0.0	0400	321	1257718
1258.564	0.0	0501	323	1258564
1260.504	233.239	BAD_ACQ_SKIP	324	1260504
1493.998	0.0	0214	215	1493998
1497.214	0.0	0400	321	1497214
1498.428	0.0	0501	323	1498428
1500.27	0.0	0215	216	1500270
1500.747	0.0	0400	321	1500747
1501.559	0.0	0501	323	1501559
1503.579	0.0	0216	217	1503579
1503.897	0.0	0400	321	1503897
1504.646	0.0	0501	323	1504646
1506.536	0.0	0217	218	1506536
1506.797	0.0	0400	321	1506797
1507.514	0.0	0501	323	1507514
1509.43	0.0	0218	219	1509430
1509.782	0.0	0400	321	1509782
1510.425	0.0	0501	323	1510425
1512.447	0.0	0219	220	1512447
1512.863	0.0	0400	321	1512863
1513.477	0.0	0500	322	1513477
1515.42	0.0	0220	221	1515420
1515.698	0.0	0400	321	1515698
1516.811	0.0	0501	323	1516811
1518.797	0.0	0221	222	1518797
1519.083	0.0	0400	321	1519083
1519.747	0.0	0501	323	1519747
1521.714	0.0	0222	223	1521714
1521.98	0.0	0400	321	1521980
1522.694	0.0	0501	323	1522694
1524.647	0.0	0223	224	1524647
1524.898	0.0	0400	321	1524898
1525.443	0.0	0501	323	1525443
1527.348	0.0	0224	225	1527348
1527.631	0.0	0400	321	1527631
1528.396	0.0	0500	322	1528396
1530.296	0.0	0225	226	1530296
1530.646	0.0	0400	321	1530646
1531.295	0.0	0501	323	1531295
1533.181	0.0	0226	227	1533181
1533.579	0.0	0400	321	1533579
1534.396	0.0	0501	323	1534396
1536.286	0.0	0227	228	1536286
1536.579	0.0	0400	321	1536579
1537.295	0.0	0501	323	1537295
1539.23	0.0	0228	229	1539230
1539.464	0.0	0400	321	1539464
1540.173	0.0	0501	323	1540173
1542.082	0.0	0229	230	1542082
1542.399	0.0	0400	321	1542399
1542.974	0.0	0501	323	1542974
1545.113	0.0	0230	231	1545113
1545.38	0.0	0400	321	1545380
1546.274	0.0	0501	323	1546274
1548.212	0.0	0231	232	1548212
1548.512	0.0	0400	321	1548512
1549.175	0.0	0500	322	1549175
1551.247	0.0	0232	233	1551247
1551.697	0.0	0400	321	1551697
1552.424	0.0	0500	322	1552424
1554.314	0.0	0233	234	1554314
1554.596	0.0	0400	321	1554596
1555.202	0.0	0501	323	1555202
1557.146	0.0	0234	235	1557146
1557.38	0.0	0400	321	1557380
1558.129	0.0	0500	322	1558129
1559.947	0.0	0235	236	1559947
1560.431	0.0	0400	321	1560431
1561.197	0.0	0501	323	1561197
1563.114	0.0	0236	237	1563114
1563.43	0.0	0400	321	1563430
1564.062	0.0	0501	323	1564062
1566.098	0.0	0237	238	1566098
1566.43	0.0	0400	321	1566430
1567.197	0.0	0500	322	1567197
1569.165	0.0	0238	239	1569165
1569.453	0.0	0400	321	1569453
1570.063	0.0	0501	323	1570063
1572.034	0.0	0239	240	1572034
1572.313	0.0	0400	321	1572313
1572.995	0.0	0501	323	1572995
1574.949	0.0	0240	241	1574949
1575.196	0.0	0400	321	1575196
1575.941	0.0	0500	322	1575941
1577.93	0.0	0241	242	1577930
1578.212	0.0	0400	321	1578212
1579.061	0.0	0501	323	1579061
1581.079	0.0	0242	243	1581079
1582.065	0.0	0400	321	1582065
1582.894	0.0	0500	322	1582894
1584.83	0.0	0243	244	1584830
1585.313	0.0	0400	321	1585313
1586.125	0.0	0500	322	1586125
1588.063	0.0	0244	245	1588063
1588.381	0.0	0400	321	1588381
1589.176	0.0	0500	322	1589176
1591.029	0.0	0245	246	1591029
1591.328	0.0	0400	321	1591328
1592.207	0.0	0501	323	1592207
1594.146	0.0	0246	247	1594146
1594.43	0.0	0400	321	1594430
1595.075	0.0	0500	322	1595075
1596.963	0.0	0247	248	1596963
1597.315	0.0	0400	321	1597315
1597.958	0.0	0500	322	1597958
1599.779	0.0	0248	249	1599779
1600.132	0.0	0400	321	1600132
1600.743	0.0	0500	322	1600743
1602.664	0.0	0249	250	1602664
1602.997	0.0	0400	321	1602997
1603.708	0.0	0501	323	1603708
1605.695	0.0	0250	251	1605695
1605.931	0.0	0400	321	1605931
1606.673	0.0	0501	323	1606673
1608.579	0.0	0251	252	1608579
1608.848	0.0	0400	321	1608848
1609.511	0.0	0500	322	1609511
1611.396	0.0	0252	253	1611396
1611.696	0.0	0400	321	1611696
1612.676	0.0	0501	323	1612676
1614.578	0.0	0253	254	1614578
1614.878	0.0	0400	321	1614878
1615.939	0.0	0501	323	1615939
1617.796	0.0	0254	255	1617796
1618.48	0.0	0400	321	1618480
1619.494	0.0	0501	323	1619494
1621.378	0.0	0255	256	1621378
1622.099	0.0	0400	321	1622099
1622.925	0.0	0501	323	1622925
1624.912	0.0	0256	257	1624912
1625.195	0.0	0400	321	1625195
1625.894	0.0	0501	323	1625894
1627.812	0.0	0257	258	1627812
1628.478	0.0	0400	321	1628478
1629.481	0.0	0501	323	1629481
1631.465	0.0	0258	259	1631465
1631.911	0.0	0400	321	1631911
1632.558	0.0	0500	322	1632558
1634.496	0.0	0259	260	1634496
1634.711	0.0	0400	321	1634711
1635.44	0.0	0501	323	1635440
1637.395	0.0	0260	261	1637395
1637.885	0.0	0400	321	1637885
1638.829	0.0	0501	323	1638829
1640.729	0.0	0261	262	1640729
1641.033	0.0	0400	321	1641033
1641.828	0.0	0500	322	1641828
1643.731	0.0	0262	263	1643731
1645.078	0.0	0400	321	1645078
1646.139	0.0	0500	322	1646139
1648.061	0.0	0263	264	1648061
1648.461	0.0	0400	321	1648461
1649.127	0.0	0501	323	1649127
1651.064	0.0	0264	265	1651064
1651.578	0.0	0400	321	1651578
1652.29	0.0	0501	323	1652290
1654.211	0.0	0265	266	1654211
1654.613	0.0	0400	321	1654613
1655.793	0.0	0501	323	1655793
1657.713	0.0	0266	267	1657713
1658.011	0.0	0400	321	1658011
1658.876	0.0	0501	323	1658876
1660.828	0.0	0267	268	1660828
1661.362	0.0	0400	321	1661362
1662.243	0.0	0501	323	1662243
1664.078	0.0	0268	269	1664078
1665.162	0.0	0400	321	1665162
1665.807	0.0	0501	323	1665807
1667.78	0.0	0269	270	1667780
1668.162	0.0	0400	321	1668162
1668.975	0.0	0500	322	1668975
1670.979	0.0	0270	271	1670979
1672.145	0.0	0400	321	1672145
1673.222	0.0	0501	323	1673222
1675.094	0.0	0271	272	1675094
1675.595	0.0	0400	321	1675595
1676.273	0.0	0501	323	1676273
1678.312	0.0	0272	273	1678312
1678.827	0.0	0400	321	1678827
1679.792	0.0	0500	322	1679792
1681.728	0.0	0273	274	1681728
1681.994	0.0	0400	321	1681994
1682.822	0.0	0501	323	1682822
1684.779	0.0	0274	275	1684779
1685.228	0.0	0400	321	1685228
1685.822	0.0	0501	323	1685822
1687.716	0.0	0275	276	1687716
1688.028	0.0	0400	321	1688028
1689.042	0.0	0501	323	1689042
1690.895	0.0	0276	277	1690895
1691.395	0.0	0400	321	1691395
1692.725	0.0	0501	323	1692725
1694.711	0.0	0277	278	1694711
1695.597	0.0	0400	321	1695597
1696.544	0.0	0501	323	1696544
1698.412	0.0	0278	279	1698412
1698.712	0.0	0400	321	1698712
1699.64	0.0	0501	323	1699640
1701.527	0.0	0279	280	1701527
1701.994	0.0	0400	321	1701994
1703.191	0.0	0500	322	1703191
1705.216	0.0	0280	281	1705216
1705.696	0.0	0400	321	1705696
1706.439	0.0	0501	323	1706439
1708.261	0.0	0281	282	1708261
1708.61	0.0	0400	321	1708610
1709.744	0.0	0501	323	1709744
1711.581	0.0	0282	283	1711581
1711.978	0.0	0400	321	1711978
1713.108	0.0	0500	322	1713108
1714.994	0.0	0283	284	1714994
1715.494	0.0	0400	321	1715494
1716.692	0.0	0500	322	1716692
1718.677	0.0	0284	285	1718677
1719.066	0.0	0400	321	1719066
1719.742	0.0	0500	322	1719742
1721.648	0.0	0285	286	1721648
1721.912	0.0	0400	321	1721912
1722.777	0.0	0500	322	1722777
1724.627	0.0	0286	287	1724627
1725.493	0.0	0400	321	1725493
1726.189	0.0	0501	323	1726189
1728.161	0.0	0287	288	1728161
1728.427	0.0	0400	321	1728427
1729.172	0.0	0500	322	1729172
1731.097	0.0	0288	289	1731097
1731.862	0.0	0400	321	1731862
1732.525	0.0	0500	322	1732525
1734.428	0.0	0289	290	1734428
1734.712	0.0	0400	321	1734712
1735.89	0.0	0500	322	1735890
1737.893	0.0	0290	291	1737893
1738.327	0.0	0400	321	1738327
1738.922	0.0	0500	322	1738922
1740.961	0.0	0291	292	1740961
1741.279	0.0	0400	321	1741279
1742.12	0.0	0501	323	1742120
1744.014	0.0	0292	293	1744014
1744.077	0.0	0400	321	1744077
1745.224	0.0	0500	322	1745224
1747.26	0.0	0293	294	1747260
1747.627	0.0	0400	321	1747627
1748.273	0.0	0500	322	1748273
1750.227	0.0	0294	295	1750227
1750.433	0.0	0400	321	1750433
1751.141	0.0	0501	323	1751141
1752.994	0.0	0295	296	1752994
1753.275	0.0	0400	321	1753275
1754.006	0.0	0500	322	1754006
1755.926	0.0	0296	297	1755926
1756.195	0.0	0400	321	1756195
1756.973	0.0	0500	322	1756973
1758.894	0.0	0297	298	1758894
1758.993	0.0	0400	321	1758993
1759.916	0.0	0501	323	1759916
1761.761	0.0	0298	299	1761761
1762.043	0.0	0400	321	1762043
1762.742	0.0	0500	322	1762742
1764.597	0.0	0299	300	1764597
1764.863	0.0	0400	321	1764863
1765.669	0.0	0500	322	1765669
1767.61	0.0	0300	301	1767610
1768.009	0.0	0400	321	1768009
1768.626	0.0	0501	323	1768626
1770.53	0.0	0301	302	1770530
1770.943	0.0	0400	321	1770943
1771.908	0.0	0501	323	1771908
1773.841	0.0	0302	303	1773841
1774.484	0.0	0400	321	1774484
1775.51	0.0	0500	322	1775510
1777.477	0.0	0303	304	1777477
1777.845	0.0	0400	321	1777845
1778.642	0.0	0500	322	1778642
1780.543	0.0	0304	305	1780543
1781.546	0.0	0400	321	1781546
1782.275	0.0	0501	323	1782275
1784.28	0.0	0305	306	1784280
1784.893	0.0	0400	321	1784893
1785.861	0.0	0501	323	1785861
1787.796	0.0	0306	307	1787796
1788.393	0.0	0400	321	1788393
1789.025	0.0	0500	322	1789025
1790.91	0.0	0307	308	1790910
1791.442	0.0	0400	321	1791442
1792.206	0.0	0500	322	1792206
1794.176	0.0	0308	309	1794176
1795.392	0.0	0400	321	1795392
1796.109	0.0	0500	322	1796109
1797.958	0.0	0309	310	1797958
1798.259	0.0	0400	321	1798259
1799.222	0.0	0501	323	1799222
1801.143	0.0	0310	311	1801143
1801.526	0.0	0400	321	1801526
1802.44	0.0	0500	322	1802440
1804.477	0.0	0311	312	1804477
1804.564	0.0	0400	321	1804564
1805.376	0.0	0501	323	1805376
1807.311	0.0	0312	313	1807311
1807.545	0.0	0400	321	1807545
1808.257	0.0	0501	323	1808257
1810.126	0.0	0313	314	1810126
1810.391	0.0	0400	321	1810391
1811.175	0.0	0500	322	1811175
1813.144	0.0	0314	315	1813144
1813.376	0.0	0400	321	1813376
1814.37	0.0	0500	322	1814370
1816.219	0.0	0315	316	1816219
1816.509	0.0	0400	321	1816509
1817.508	0.0	0500	322	1817508
1819.485	0.0	0316	317	1819485
1820.017	0.0	0400	321	1820017
1820.821	0.0	0500	322	1820821
1822.708	0.0	0317	318	1822708
1823.008	0.0	0400	321	1823008
1823.941	0.0	0501	323	1823941
1825.861	0.0	0318	319	1825861
1826.11	0.0	0400	321	1826110
1827.007	0.0	0500	322	1827007
1828.928	0.0	0319	320	1828928
1829.078	0.0	0400	321	1829078
1829.874	0.0	0501	323	1829874
